id,total_sales
row_00009,2820.1080721002522
row_00015,4460.615268804307
row_00019,2926.9717632066513
row_00020,3196.4282177769805
row_00023,2523.1405638032847
row_00026,524.0380440845433
row_00027,3964.2853356699047
row_00033,3231.6082666997277
row_00034,413.0671068834423
row_00037,2044.0252041945334
row_00041,2213.692289869953
row_00042,1486.306733887026
row_00045,1381.3604089570665
row_00049,2050.033253500853
row_00056,3012.3715742554687
row_00057,2094.731308596089
row_00060,917.6146602384185
row_00079,2961.0772933979356
row_00082,3622.0286127847316
row_00085,2408.2451426989633
row_00091,1023.7649303769929
row_00104,2302.5213713704215
row_00105,984.1706032656355
row_00109,1702.9315336552927
row_00115,751.127559966345
row_00117,561.8933623565806
row_00119,3244.8697248308345
row_00120,2160.0443160524223
row_00123,1100.5431964094419
row_00125,1930.258616403919
row_00130,517.6930991599656
row_00132,1818.9718464814282
row_00134,1874.3123692961851
row_00139,3852.7261239934464
row_00141,4292.697095280895
row_00144,2504.0209003363666
row_00162,2400.721080420712
row_00189,696.8592513774047
row_00192,3113.27919206647
row_00202,3388.101697740317
row_00203,2926.5732310719563
row_00208,1529.787434765122
row_00210,3016.7781173829535
row_00220,2065.849917190604
row_00235,1847.589317001556
row_00236,1701.4886635007333
row_00247,139.0533122333149
row_00249,700.2228170665643
row_00252,4153.191262704429
row_00254,2434.62272589273
row_00256,3876.142026213419
row_00260,2830.922383539799
row_00265,811.1230142370207
row_00266,1491.3489444584416
row_00269,2934.683295984466
row_00283,1453.9370333531895
row_00288,964.2876177981766
row_00293,1651.2029599887142
row_00296,363.6952004201589
row_00298,333.3083698415468
row_00301,1357.740586175084
row_00305,2950.7452179297097
row_00322,695.6599436041095
row_00323,2240.5977703930675
row_00325,2389.073523461101
row_00327,3746.4415765797967
row_00336,2155.186132840681
row_00337,3649.970206887392
row_00341,2032.3803844593176
row_00345,3769.4704615470587
row_00353,1614.8198259988217
row_00354,1833.044256833548
row_00363,2362.9950150104523
row_00368,5634.484621002512
row_00370,3554.9520723592254
row_00373,1999.4419288113743
row_00374,1522.0535768289028
row_00375,1279.6206057774684
row_00377,3060.4415196760237
row_00385,925.7090096804668
row_00389,2569.280522773487
row_00391,809.8476811745693
row_00404,57.596346485047185
row_00405,2815.701528972767
row_00407,3722.542679685741
row_00415,3012.3715742554687
row_00416,2684.5108301747655
row_00423,510.5903086344009
row_00430,2398.5683764769838
row_00431,1905.28484636729
row_00435,1346.0504845985638
row_00437,2100.2732099660466
row_00438,505.26853329237485
row_00439,3646.7889642654395
row_00441,2606.702063960378
row_00447,54.24544967167617
row_00448,2044.0252041945334
row_00449,714.602320283716
row_00460,71.96874958485577
row_00465,1725.9409121717808
row_00472,1450.741846131033
row_00476,620.3522158197248
row_00478,3638.059503155924
row_00480,318.3923571984951
row_00485,3597.5454318226666
row_00488,809.2154221676434
row_00498,3512.8060534621713
row_00499,2848.247024225371
row_00500,4431.111361941828
row_00504,1987.4709236323515
row_00508,1874.3123692961851
row_00518,330.550405599166
row_00519,1141.9249355540553
row_00520,1651.2029599887142
row_00525,1552.6280560727794
row_00526,2554.9865857450322
row_00530,2378.675901209971
row_00531,3774.00696130288
row_00534,1754.0097779803405
row_00538,1021.210493708692
row_00543,279.1905110532103
row_00551,671.1197703464052
row_00555,905.2716400891632
row_00559,2552.7440271748364
row_00561,3112.7395627441074
row_00569,3399.560613863528
row_00572,324.68185894994446
row_00577,3193.648621312813
row_00580,3511.2404114683472
row_00584,4954.752615688697
row_00585,3700.658917141192
row_00591,2093.507596977216
row_00601,5033.551645276687
row_00603,2455.6602319486883
row_00613,3196.031927853983
row_00618,1413.704521259935
row_00620,3340.0317523197614
row_00622,1952.7316058324423
row_00623,1209.292760250316
row_00632,1425.2470164295396
row_00635,1437.3050341924456
row_00637,704.1379301974534
row_00638,1032.2609793780937
row_00640,2651.873024311766
row_00641,301.3039491435187
row_00646,3755.284367825879
row_00649,2164.983098674934
row_00656,2160.0443160524223
row_00659,716.564998958664
row_00661,4851.49519576753
row_00662,1769.153221728847
row_00663,2189.179014927788
row_00667,2145.9763440708375
row_00670,475.8471966176642
row_00673,1352.6632266150887
row_00674,4475.759730304445
row_00681,2815.701528972767
row_00683,1569.2920704458827
row_00684,3470.2281291957997
row_00689,2420.016493084227
row_00690,369.5637470693805
row_00698,1456.160415380175
row_00700,1838.9828683127075
row_00702,3388.2447170565947
row_00704,3098.4963076590902
row_00705,415.83386422043213
row_00710,1842.9024038676084
row_00711,721.2974474556698
row_00714,3074.435215660753
row_00716,786.9767500077348
row_00720,3115.4704866091424
row_00721,2565.1442944067126
row_00723,705.0840838285168
row_00730,1867.7653274132147
row_00732,1525.6851341715324
row_00733,5460.243417612028
row_00741,4306.232357070031
row_00753,3876.6788969842833
row_00755,210.91016571070568
row_00760,3113.27919206647
row_00764,1539.295784797347
row_00770,1561.491027175125
row_00771,5526.092578462118
row_00774,3319.123411631474
row_00783,394.27049268257974
row_00796,144.77310220265272
row_00804,2190.172561681558
row_00808,4110.001262385202
row_00812,1107.7242206123158
row_00814,1760.0905468868098
row_00815,1465.3108753772563
row_00819,3113.27919206647
row_00825,1453.9370333531895
row_00826,2289.58919848341
row_00832,282.9533690312088
row_00835,3093.747651992692
row_00840,748.948563728627
row_00844,4480.326794088504
row_00845,834.1786865192362
row_00851,983.5460583585209
row_00856,1198.8757935646454
row_00868,512.3671226765878
row_00874,1819.2932195312712
row_00875,1293.4530149991515
row_00880,1647.9602455239672
row_00882,797.8179739265365
row_00884,825.2812751656749
row_00891,4037.1318943203214
row_00899,2036.1464779015473
row_00905,1445.5488674176795
row_00906,3097.4625283767186
row_00914,2442.238024786071
row_00924,1123.5978642336504
row_00946,3565.8297480682713
row_00947,1701.0078001411835
row_00948,1424.1689113461975
row_00963,2519.107614323646
row_00977,3232.0880597176124
row_00980,2744.4824007687266
row_00981,316.4236338374018
row_00984,5680.873071028381
row_00996,2095.690073814055
row_00997,433.3284540200958
row_00998,2135.9558153485405
row_00999,2290.2263586455074
row_01001,1791.804846724428
row_01017,1081.7603691854467
row_01025,3989.248411873039
row_01026,1497.84922905663
row_01031,455.6857215154308
row_01032,1413.704521259935
row_01034,4004.2693478234637
row_01043,3718.1361365582557
row_01044,2826.854424614048
row_01046,825.2812751656749
row_01050,2684.6997597137906
row_01064,2703.727716747011
row_01077,2019.8271470592676
row_01078,2719.4826487217592
row_01085,2755.2489303210477
row_01090,1532.7342555466785
row_01093,2316.9373932317158
row_01104,724.6184672261113
row_01105,884.635228349901
row_01107,4097.552243870068
row_01108,2965.614067346288
row_01111,1627.790720188073
row_01115,3678.2283666704307
row_01119,3113.27919206647
row_01123,2702.0142996671325
row_01124,2285.2553138149183
row_01126,1590.2060573132862
row_01129,923.8854993318778
row_01145,2516.9274918018823
row_01146,1488.8601861463137
row_01148,2021.514228642979
row_01162,1791.8696716248096
row_01165,1907.3334808845366
row_01178,1552.6280560727794
row_01183,335.74052142545133
row_01190,2115.860698209753
row_01191,3012.3715742554687
row_01192,2496.410322270784
row_01197,1505.5526479586154
row_01202,3922.5777104941917
row_01205,1260.6825348814732
row_01207,3340.0317523197614
row_01209,1099.0274419626508
row_01211,2242.0582290215916
row_01212,2513.1831630648835
row_01213,1902.821175982196
row_01215,1875.9698418841422
row_01237,1318.4056447439307
row_01246,1500.7792009646691
row_01254,1654.1228768645583
row_01263,601.7866743038232
row_01266,3016.79041742136
row_01268,69.34434388211372
row_01277,3012.3715742554687
row_01293,2619.9652753908413
row_01294,2361.518673819785
row_01295,332.0041913091186
row_01300,5800.804469933628
row_01304,2771.4517271127834
row_01311,2578.0697215798855
row_01314,1275.6082875755474
row_01315,408.39871450661053
row_01330,1391.397221095477
row_01332,3047.6559966265927
row_01334,3171.135459735188
row_01345,927.1573659270362
row_01350,3060.723777348197
row_01355,2582.651935585983
row_01356,3606.365593548113
row_01357,913.539731731747
row_01362,1780.3545716641793
row_01368,4343.920659444067
row_01375,1907.7891041610742
row_01380,890.3550183192388
row_01390,510.5903086344009
row_01396,3567.621128920181
row_01397,2719.4826487217592
row_01404,3012.3715742554687
row_01407,2220.281802036755
row_01412,2651.8403206329695
row_01418,1287.9249788578218
row_01424,1049.28064437869
row_01433,3147.2430844041655
row_01436,2547.3095074789626
row_01443,454.2648555777018
row_01456,3078.121103376581
row_01465,2160.8492718045554
row_01475,1672.950357598676
row_01478,2509.4348556328737
row_01494,471.90489313861485
row_01497,594.945144230605
row_01499,2123.0578925792743
row_01501,1110.0899184972827
row_01508,3611.8973464588935
row_01513,5855.247329304781
row_01532,3445.7429137976524
row_01534,2780.063277732592
row_01540,2403.231094621202
row_01552,3757.499715596987
row_01553,1682.5305699518328
row_01563,324.68185894994446
row_01564,3740.552504177624
row_01565,2671.9279637398986
row_01567,480.9584772013226
row_01572,426.43329543421305
row_01573,3422.196741407921
row_01576,1795.8607433349775
row_01577,918.8055857426787
row_01583,2276.3259870529464
row_01586,2230.676949710287
row_01594,4581.002848750137
row_01596,2797.954167380357
row_01598,3434.7563717747066
row_01605,666.4892465881693
row_01616,3630.6753569760303
row_01621,3016.7781173829535
row_01624,3730.1304654351793
row_01625,1537.9130880043472
row_01626,1461.6704087652938
row_01630,1453.9370333531895
row_01639,588.4640966887225
row_01641,2217.702629565493
row_01643,2835.1528704133407
row_01648,1428.1769883375787
row_01654,166.47268511613777
row_01655,693.2276940347751
row_01656,3949.2517942023155
row_01659,2984.1303446981265
row_01664,809.2154221676434
row_01666,777.1725265654352
row_01687,1772.0273847317171
row_01689,1364.1417580579528
row_01693,986.7551800431703
row_01698,3103.221862094469
row_01700,2059.3888804890685
row_01701,2284.027221999776
row_01702,734.0365190600912
row_01714,5634.484621002512
row_01725,4215.269348418098
row_01743,2134.4889116930954
row_01750,3719.6021225431023
row_01762,349.41523312794436
row_01770,3043.2134101415436
row_01773,1416.0111998166758
row_01782,2023.6767156178812
row_01784,2580.6662645957585
row_01790,3252.8895008702966
row_01792,2914.5165574575312
row_01801,3462.1673550788373
row_01802,2555.2974794341244
row_01805,62.156387498650716
row_01808,728.302200654978
row_01822,1898.8910836991406
row_01826,743.8488811462962
row_01829,3465.2683018484017
row_01836,2738.9424293789043
row_01839,688.0774023648158
row_01840,1819.3398709969947
row_01844,2004.6987772543753
row_01845,3922.2355416816517
row_01853,921.4541589865387
row_01862,1487.347571569304
row_01872,721.3172164488014
row_01882,2436.4248146730492
row_01886,1395.3399392634017
row_01888,2300.109088958427
row_01895,2628.768694471325
row_01911,1568.9814163707906
row_01915,1852.5399672508302
row_01926,3096.8547507852854
row_01932,4553.617243245825
row_01946,1604.959584473557
row_01952,2290.2263586455074
row_01961,2192.3365462388474
row_01973,397.83034800118304
row_01982,2406.807170039737
row_01983,808.5921288163449
row_01991,2026.2301678771687
row_01993,1826.3613320534823
row_01994,5112.692383072566
row_01995,2501.8640883820326
row_01998,2267.777169940475
row_01999,353.9342850311622
row_02005,2827.0977204982873
row_02011,2213.5645311869216
row_02015,4213.304002087777
row_02016,1781.4185676851819
row_02018,3407.0668477944255
row_02055,2376.8525932638927
row_02056,1421.6154590869098
row_02059,671.7410426867466
row_02068,1886.270809758975
row_02069,2522.9801288991366
row_02076,426.9034674556593
row_02079,512.3671226765878
row_02083,709.1568228269748
row_02086,3677.986088646989
row_02095,332.3470806290693
row_02098,4592.516648217538
row_02100,5154.439424001296
row_02103,5154.439424001296
row_02106,3110.6380067218615
row_02107,3980.525086477859
row_02112,4325.019112104494
row_02118,3651.2024665336185
row_02126,2873.9473049009785
row_02127,2444.4020093433605
row_02130,2631.322146730613
row_02133,2628.768694471325
row_02146,1161.5529062981705
row_02147,3146.5061093231006
row_02152,3546.387856645969
row_02153,3764.775326322115
row_02162,6006.676222492527
row_02164,3996.8361976224774
row_02170,2233.737673659594
row_02193,368.95303479097544
row_02195,1711.251144883509
row_02199,4012.007696920734
row_02203,4535.966984065097
row_02210,479.4671244316192
row_02211,3412.1436139506504
row_02213,3232.4451589632445
row_02215,2520.4266766398487
row_02218,4376.088692706565
row_02225,1737.8256117657284
row_02230,1500.7792009646691
row_02235,481.3719413384995
row_02238,823.4800009064165
row_02239,2553.0025953439417
row_02240,441.7135735375639
row_02257,2628.768694471325
row_02259,2243.1075314902223
row_02262,3167.923785821902
row_02272,1428.1769883375787
row_02274,2876.5208378777666
row_02279,1427.800468688827
row_02280,691.9721416765508
row_02283,1204.2874333527716
row_02287,5584.752445477538
row_02294,4126.523246540754
row_02303,3244.8697248308345
row_02310,197.24409398342573
row_02313,1425.2470164295396
row_02316,349.41523312794436
row_02319,2538.1554767499565
row_02322,1701.8673396577267
row_02323,392.4013261403544
row_02327,661.0135911427016
row_02332,1623.3366158395775
row_02333,710.3187349410289
row_02339,2961.6545027259335
row_02344,1949.2424787068512
row_02346,512.3671226765878
row_02351,2044.2816009710875
row_02356,2213.5645311869216
row_02357,2384.382549898868
row_02361,1409.941835098715
row_02363,3515.029727660634
row_02364,3095.2066083607324
row_02370,2927.0591909292007
row_02372,2686.4117394113614
row_02374,167.92104136270723
row_02383,833.7105816927399
row_02385,343.88957579867355
row_02393,710.3187349410289
row_02403,1164.4828782062095
row_02411,1931.5016528860886
row_02413,721.3172164488014
row_02416,1388.8420469064251
row_02417,2510.6297108055956
row_02418,2954.195519567893
row_02419,1461.6704087652938
row_02432,2147.9369708397758
row_02441,2413.407682614998
row_02442,2689.8963097621368
row_02443,5745.621802020515
row_02444,3859.6066413425215
row_02445,3165.703078061075
row_02448,548.0270091278824
row_02454,2425.190469684657
row_02455,3301.1756783634073
row_02462,494.09593659543555
row_02469,922.4371430853083
row_02478,363.8144605615603
row_02482,5184.589287624283
row_02497,3229.927835518496
row_02500,708.9406619026948
row_02502,3184.661413411265
row_02504,1527.3767699789914
row_02508,1158.746128698269
row_02512,3641.6276955307158
row_02514,3153.8928074624273
row_02519,3100.8227437736778
row_02520,3098.77927560942
row_02522,471.02283081378147
row_02523,261.25324992702014
row_02530,1761.8448558953548
row_02531,397.83034800118304
row_02534,3599.3154626163537
row_02536,4370.415998639475
row_02537,2632.8682987854672
row_02547,3184.9809388434505
row_02558,1512.6300244249182
row_02569,3516.433753582266
row_02577,2314.7734086744263
row_02581,2102.9575933640326
row_02582,3023.526903197914
row_02584,489.6893934679505
row_02606,429.81351774995767
row_02607,1446.4869954371047
row_02612,1150.1003789043812
row_02613,2383.0333354971763
row_02621,552.3470046351231
row_02623,2290.2263586455074
row_02627,2205.8777911201446
row_02628,3546.22261124971
row_02632,1976.3326968593708
row_02646,3989.248411873039
row_02648,1750.746099412746
row_02650,2213.5645311869216
row_02656,469.4032135164621
row_02659,815.4135526631732
row_02669,1101.9474086455825
row_02670,238.0142050742462
row_02672,722.3953215321433
row_02674,4479.457639579162
row_02675,4206.49122910074
row_02691,1782.2059839573171
row_02700,496.78568832417807
row_02705,486.07193422375906
row_02709,3633.652960028439
row_02712,2870.699968199945
row_02714,4783.317359207733
row_02716,2500.770496840688
row_02726,2295.8015941867257
row_02738,557.2974475623927
row_02757,693.5359426064094
row_02758,3794.9251899451015
row_02768,4263.275095313113
row_02772,715.4698960013703
row_02773,2991.1435893073944
row_02776,2701.4851581768157
row_02778,1425.2470164295396
row_02782,3787.6601795735337
row_02786,2636.3830160300045
row_02796,807.0026390761104
row_02797,3217.354630105842
row_02800,3888.0232283472224
row_02801,3180.4901298271006
row_02807,3073.1483432157875
row_02816,6255.436724184508
row_02824,5158.845967128782
row_02833,2003.7184388844641
row_02834,1987.176417274529
row_02837,1686.9464520006395
row_02839,3439.5640649731176
row_02846,3669.4602728800573
row_02848,3773.3064623736336
row_02849,2484.0400794757197
row_02852,1931.3169562766884
row_02854,463.17992307141276
row_02855,3944.8452510748302
row_02858,3633.1848084243675
row_02863,4257.3141858594345
row_02875,1928.356629983397
row_02879,480.25373974514935
row_02883,1393.820293751101
row_02884,2520.4266766398487
row_02885,402.53016785738896
row_02886,1339.636561754811
row_02890,5075.250631393122
row_02892,5207.253985245851
row_02901,1094.7739208774358
row_02903,2968.784974589904
row_02906,3174.803942905908
row_02908,1269.068040984292
row_02909,3064.441395089618
row_02919,1266.5415796543807
row_02925,1734.2591436184114
row_02929,2411.7393037386555
row_02934,5405.610970405429
row_02939,3016.79041742136
row_02940,1145.556492896685
row_02943,1913.9997085951507
row_02951,1980.3280171961414
row_02953,1591.4605432040134
row_02957,3159.359131242602
row_02962,764.943582293047
row_02964,4250.650432644661
row_02965,2248.2248587816657
row_02968,1850.0775824896787
row_02977,419.3471150158623
row_02980,2949.2435459444914
row_02997,3694.675005252161
row_03001,1868.6765423776737
row_03003,2480.757437431556
row_03004,2686.8966077519353
row_03006,1559.9427160426903
row_03019,5101.24079442901
row_03025,5538.071581709923
row_03026,3076.538547186193
row_03039,2146.638522286681
row_03046,1680.349045255628
row_03057,1782.2059839573171
row_03059,1591.9750009456793
row_03074,1782.0727057905565
row_03082,3012.3715742554687
row_03091,2261.658147234438
row_03092,1526.3705928347426
row_03100,718.7637641895136
row_03103,271.4108738616045
row_03104,3113.27919206647
row_03113,2536.7486356326726
row_03125,2843.172646452803
row_03126,1462.7823852716333
row_03131,1810.1302542925418
row_03132,5056.717696402586
row_03147,4354.3115919376605
row_03159,2721.503414272074
row_03161,1282.2826146720981
row_03165,3016.7781173829535
row_03169,618.6220827363255
row_03175,1810.0700288234316
row_03184,2533.565569914339
row_03187,1819.2932195312712
row_03192,2487.1976107867786
row_03196,1439.620370791863
row_03202,2780.063277732592
row_03207,3794.0538216368486
row_03208,1227.5621352537196
row_03212,2789.9343913408948
row_03218,3196.1266451577676
row_03223,1701.4886635007333
row_03226,1185.8213205942468
row_03229,1490.533110317534
row_03230,3327.8528727409894
row_03233,1634.3820972078881
row_03236,601.7866743038232
row_03239,659.141306772311
row_03246,3722.0620540008813
row_03253,2609.5879234112895
row_03259,2503.225431136926
row_03262,1911.0778453438834
row_03267,485.16535763578975
row_03273,462.5284640361934
row_03282,674.994116459661
row_03283,431.19972091232285
row_03286,1865.0878540965673
row_03288,3066.4154396212907
row_03290,3736.9086308949227
row_03292,2480.325802463826
row_03295,389.2695458049231
row_03305,2506.2616111775633
row_03306,2346.839802810405
row_03320,3665.1175551853767
row_03324,397.83034800118304
row_03327,3649.970206887392
row_03329,571.0262433132423
row_03338,2516.5871605304396
row_03344,2429.81345891848
row_03350,1263.4384449387799
row_03351,3878.695478472707
row_03354,1932.2110031975558
row_03362,3757.648333172626
row_03373,4492.76731581195
row_03374,1931.7422186397228
row_03380,157.1213378041702
row_03382,1527.3767699789914
row_03386,1999.895489499942
row_03388,1491.1321236659298
row_03394,1654.2026763192039
row_03399,3777.7963222378808
row_03402,3183.1405684499637
row_03408,1526.3705928347426
row_03431,2909.372730583405
row_03432,3100.8546261988795
row_03440,1622.767807629691
row_03444,2696.935396042356
row_03448,3547.808557028473
row_03454,2407.2681223036825
row_03458,4180.6807896496575
row_03459,761.1660818054825
row_03464,458.75780366559667
row_03475,2657.310268792313
row_03485,3085.4691261458383
row_03489,620.044065638513
row_03490,2984.1392962655254
row_03493,2799.8848652830156
row_03495,1787.9656095681523
row_03511,3462.1673550788373
row_03517,2384.222999958527
row_03520,2813.7855128893143
row_03522,2351.4563124957835
row_03526,3027.36364572011
row_03529,456.516769505553
row_03532,2783.7216420908117
row_03537,3232.4451589632445
row_03539,4265.360635632791
row_03540,1952.9232537198823
row_03547,3178.422386699135
row_03550,2997.0993772835845
row_03551,419.35802807101595
row_03557,2400.5049587502626
row_03560,801.6687516941245
row_03561,3534.213313662348
row_03562,3028.475225566557
row_03566,4738.7327186850125
row_03567,2896.6823129799996
row_03572,962.3279456731907
row_03583,431.6635787749941
row_03584,3999.5155114486274
row_03593,3332.4898691472927
row_03604,5887.249615875136
row_03620,3252.8895008702966
row_03631,2538.5582005967212
row_03643,1787.9656095681523
row_03647,918.8055857426787
row_03648,810.6710850957622
row_03649,731.5799866817172
row_03658,422.26914195267693
row_03664,1966.824125408286
row_03673,3470.6931708457687
row_03676,1486.306733887026
row_03680,3244.8697248308345
row_03682,718.7637641895136
row_03687,751.127559966345
row_03694,2405.028994582424
row_03708,696.5912597239346
row_03714,3012.3715742554687
row_03715,2306.7553859343207
row_03718,1362.629143480943
row_03719,1104.6672030048767
row_03720,3083.078670313622
row_03723,397.12558331401846
row_03727,2123.5720585235836
row_03732,2547.3095074789626
row_03734,2216.8616240250767
row_03736,637.914169188062
row_03742,2664.3512711371377
row_03744,925.7090096804668
row_03750,2023.6767156178812
row_03755,2363.5416085457227
row_03759,1590.572235066977
row_03768,2826.93587396116
row_03773,693.2276940347751
row_03775,4206.49122910074
row_03779,1750.1756989782873
row_03783,1610.4430086408838
row_03787,1318.4056447439307
row_03789,3239.4051543500173
row_03804,1285.8197554615244
row_03811,2645.154101325579
row_03824,2493.92880558794
row_03829,2241.5036979515735
row_03831,1696.8855325665209
row_03834,392.6348299563485
row_03836,1127.2294215762802
row_03839,4425.45795213431
row_03847,1552.6280560727794
row_03849,2398.5683764769838
row_03854,4246.083367965941
row_03858,1457.0913625872836
row_03859,3546.7424384806695
row_03866,263.1539144748114
row_03867,2505.4302452731995
row_03871,1040.0106894763048
row_03876,455.5912891876437
row_03888,1756.8930920674684
row_03891,760.9774124266826
row_03903,1798.0652345831973
row_03917,993.1426743331797
row_03920,2888.6974587448885
row_03925,1266.6770710773521
row_03926,369.534250530898
row_03931,1712.0022490950673
row_03933,3303.003663899783
row_03934,2717.096871144589
row_03935,2203.5168029873776
row_03938,5569.728831724557
row_03940,1334.1232018671935
row_03942,1936.5104791404372
row_03945,2603.5337412708814
row_03946,3072.582124792556
row_03949,1123.6675442193655
row_03960,1897.0004190857035
row_03962,1114.601624565752
row_03965,389.0202319092001
row_03972,2678.093188671452
row_03982,3301.376796213538
row_03987,5640.807768032267
row_03991,4067.3980512815824
row_03992,1194.9363021042032
row_03996,3445.7429137976524
row_03998,2542.9647437242065
row_04009,2239.0522381689143
row_04012,2462.3994998883036
row_04024,1482.6751765443962
row_04029,1489.384291496031
row_04031,5873.025236029327
row_04033,517.6930991599656
row_04040,1558.7904129585563
row_04054,1850.9296275187996
row_04055,1955.7349799355934
row_04065,1497.84922905663
row_04066,395.332050401778
row_04077,5063.728511644445
row_04078,1999.4419288113743
row_04081,50.613892329046465
row_04084,3060.718289498039
row_04092,1500.7792009646691
row_04094,2679.9465386350957
row_04101,1453.6718180390721
row_04107,761.5921590034034
row_04112,2176.4306441472436
row_04120,974.0217593693062
row_04122,3356.421136648507
row_04127,2111.033168867284
row_04137,1457.0913625872836
row_04138,517.6930991599656
row_04139,1819.3398709969947
row_04145,3438.7562471883
row_04147,2502.1317661106054
row_04154,493.9712317461806
row_04158,3073.6547355304897
row_04160,1143.3476916893026
row_04165,3011.2140707639883
row_04166,1557.4676611169061
row_04175,5284.827870319724
row_04176,1430.342798802175
row_04177,1618.8638050560176
row_04178,2680.2571732287415
row_04179,724.6610131448294
row_04186,4122.080660055705
row_04187,2020.0569646021754
row_04189,365.0180666013621
row_04193,3231.606513400371
row_04200,517.6930991599656
row_04207,716.2193407227437
row_04226,1319.2255229899924
row_04228,3256.9967528855695
row_04229,2879.3285874408593
row_04233,2506.548674009278
row_04234,5525.351966977898
row_04242,3704.663350607265
row_04245,901.6400827465335
row_04255,3461.196584266668
row_04259,1239.1670962182923
row_04261,4131.469445128136
row_04263,520.3827527887371
row_04268,5561.2180855267015
row_04270,3547.76496246245
row_04272,2273.2564643090673
row_04273,1497.84922905663
row_04278,3204.8796676272523
row_04281,3981.580627125731
row_04285,2346.839802810405
row_04293,1278.6510573294684
row_04301,431.6635787749941
row_04306,286.9966761064818
row_04315,1594.4579269862306
row_04316,272.8236959388853
row_04319,5825.719419553399
row_04320,4090.4597024662
row_04333,2758.3290544132688
row_04335,3076.8659609572082
row_04349,1539.295784797347
row_04358,1497.84922905663
row_04359,651.6888619036392
row_04360,2231.562021731865
row_04365,3082.7283913608103
row_04370,1420.3508992347151
row_04371,1813.1064724440703
row_04372,2595.0528130963403
row_04373,493.5895070724172
row_04374,1818.9406198354832
row_04385,1430.342798802175
row_04386,1926.2628169176323
row_04388,3240.1249568826665
row_04395,2293.674336156917
row_04398,716.3601458656077
row_04400,3349.173098044069
row_04413,2470.566890196591
row_04416,2966.2833694873907
row_04419,818.1128335212046
row_04438,1446.3989922263777
row_04441,1607.889556381596
row_04454,1810.5530201847823
row_04470,2121.964509757201
row_04471,3299.767102784491
row_04483,3040.761144493789
row_04490,2044.0252041945334
row_04498,2135.058080159256
row_04522,1897.917990552771
row_04529,2803.276963105177
row_04537,1368.7398087041204
row_04538,311.23608667535643
row_04539,1098.4527430326027
row_04540,2039.5826177094843
row_04541,3445.7429137976524
row_04542,353.5786654147271
row_04545,936.1733997667293
row_04550,2233.897015809091
row_04556,382.0978909302951
row_04559,3275.8482018671284
row_04562,3880.0894617968743
row_04563,3243.3276108125388
row_04573,3241.343295347513
row_04574,4055.058377107238
row_04576,685.5645962839465
row_04577,1884.661624032327
row_04591,1188.61050187933
row_04592,6155.862901416329
row_04597,706.0439165269786
row_04598,455.0369693329037
row_04599,834.1786865192362
row_04602,2699.3211736195262
row_04606,1919.8475627462938
row_04608,1874.3123692961851
row_04620,1917.2000071396287
row_04630,3001.0975958639337
row_04631,3832.671631259009
row_04634,4871.738752923523
row_04636,334.5822123928867
row_04637,2508.829099767003
row_04638,2387.017157750889
row_04651,2888.4603946693646
row_04653,3412.1436139506504
row_04656,893.7291449195588
row_04657,1971.1576772188025
row_04674,3040.761144493789
row_04675,950.7854505035864
row_04686,3193.648621312813
row_04699,3674.909549892259
row_04700,3264.4248605054186
row_04704,1737.8256117657284
row_04709,2955.330232549479
row_04710,2820.1080721002522
row_04729,1458.9777299679336
row_04731,4132.03221193537
row_04733,555.5340725998259
row_04737,1490.791494189437
row_04741,1649.7600898341548
row_04744,3638.059503155924
row_04745,1425.2470164295396
row_04749,688.5884221539295
row_04757,1279.7291624128102
row_04759,3704.3865776512134
row_04769,3319.123411631474
row_04772,1882.2997952597464
row_04775,1537.9130880043472
row_04781,694.201993549404
row_04783,460.09226464291595
row_04784,4001.2427407499626
row_04785,703.0598251141117
row_04787,728.5761262757187
row_04796,2265.0434888284544
row_04799,1603.4502016006743
row_04803,700.5063728548239
row_04814,925.7090096804668
row_04824,1876.8658215554728
row_04826,1822.2036641284008
row_04831,1890.4926204694643
row_04841,3009.682094178441
row_04843,2213.5645311869216
row_04846,387.8590450780639
row_04852,1634.3377620710435
row_04855,1999.4419288113743
row_04859,710.3187349410289
row_04863,700.7097348748198
row_04881,1525.7472994834443
row_04886,1967.9956462144937
row_04888,2100.4960296059876
row_04889,4092.186795051005
row_04902,658.9046518845431
row_04909,1461.588919831424
row_04913,1787.9656095681523
row_04914,3397.2197299660243
row_04929,2953.040238774427
row_04936,1179.3686449200861
row_04937,2978.719023439804
row_04938,1437.951951698536
row_04945,1946.0758178270037
row_04955,2290.2263586455074
row_04965,2209.715949765399
row_04970,496.78568832417807
row_04974,899.2348325146163
row_04976,3241.343295347513
row_04986,3033.5320783753505
row_04987,1848.0205923658773
row_04989,4033.7797667968416
row_04995,2717.096871144589
row_05004,3610.248850703595
row_05018,844.9449266811323
row_05021,916.1621251101933
row_05023,1853.3062583029796
row_05025,1681.5819273940385
row_05033,506.0662728022402
row_05034,3683.374902112106
row_05035,1810.5530201847823
row_05036,1760.5246494100984
row_05045,1798.4428730766053
row_05047,2438.888684292074
row_05051,467.4678617661066
row_05053,1734.2591436184114
row_05054,399.70264955653704
row_05055,813.2172306735008
row_05063,1444.6188737220618
row_05103,2629.5449569358216
row_05107,180.02003810158538
row_05116,4291.540764338255
row_05132,2946.3386748022244
row_05138,805.5838648250137
row_05140,2552.668934014042
row_05141,1398.9393057513978
row_05142,3767.837791914293
row_05146,1558.5521734649863
row_05147,3862.594155229166
row_05160,3246.9877030705743
row_05162,1263.9881273950932
row_05180,1665.6653720341624
row_05185,1595.1060763037613
row_05191,809.2154221676434
row_05199,746.7262566723812
row_05204,1854.2339491074304
row_05213,1791.506439740356
row_05215,424.81930963951163
row_05216,914.3879757232785
row_05223,2550.580042617547
row_05229,2520.4266766398487
row_05235,2702.0142996671325
row_05237,3227.201723572243
row_05239,1671.3630477697197
row_05246,2752.7428197983772
row_05247,2610.169379613265
row_05254,365.90269318826836
row_05258,4055.058377107238
row_05261,3882.8240363446084
row_05262,2661.2452591871197
row_05267,3199.6908712980103
row_05272,1719.0820361487426
row_05287,2057.4740731624943
row_05290,2944.386082398213
row_05296,3182.5870483787444
row_05297,551.2157675782587
row_05299,2978.3204797272874
row_05302,480.87702785421095
row_05303,1337.3396224716244
row_05305,3113.27919206647
row_05309,1457.0913625872836
row_05312,3617.3998133939967
row_05314,1474.4845201902267
row_05331,3740.552504177624
row_05336,1999.4419288113743
row_05342,953.7937144949176
row_05343,1592.2158566122819
row_05348,3064.1837677075464
row_05349,1205.6612029076862
row_05354,728.5761262757187
row_05358,1147.9316629292912
row_05359,5758.4554497380395
row_05360,407.76045119816996
row_05371,4518.265921511261
row_05377,1348.9094779387322
row_05392,2198.9759807620417
row_05393,718.7637641895136
row_05398,385.95140977279686
row_05401,2538.1554767499565
row_05403,485.76988242415587
row_05406,3319.123411631474
row_05408,825.2812751656749
row_05409,2663.892357839881
row_05418,2777.509825473304
row_05419,373.8026273071657
row_05423,693.2276940347751
row_05429,1354.8106142670451
row_05437,731.5799866817172
row_05446,2628.768694471325
row_05449,1973.1363107873576
row_05451,1665.6653720341624
row_05454,4159.140926831366
row_05457,2620.5663523402527
row_05459,2207.17017501581
row_05462,3732.0266884106923
row_05463,1999.4419288113743
row_05476,2792.4878436001827
row_05485,1442.1739643894489
row_05486,1870.3187796725024
row_05493,54.24544967167617
row_05504,3696.1375348403335
row_05505,2112.221395230572
row_05506,1987.176417274529
row_05507,709.4074822161381
row_05508,704.1379301974534
row_05528,893.7291449195588
row_05530,1735.9898724001716
row_05546,1279.7291624128102
row_05556,2275.6768456119735
row_05562,925.7090096804668
row_05563,3243.0183872619946
row_05572,1388.8420469064251
row_05580,2464.2533238492656
row_05590,1430.342798802175
row_05593,339.663739053784
row_05594,2547.3095074789626
row_05597,1153.8174078423522
row_05601,1415.8703317245313
row_05602,1445.5488674176795
row_05605,1430.342798802175
row_05623,984.7372061388671
row_05625,276.88014110104996
row_05630,5792.555014302146
row_05640,611.5576994366087
row_05644,144.77310220265272
row_05646,1792.865275261246
row_05655,2417.9593175130276
row_05658,3790.0342282622023
row_05667,1065.9776845633596
row_05679,2719.4826487217592
row_05687,1380.22952364486
row_05695,1532.5818098931527
row_05705,3078.4307870327675
row_05707,3060.080562494183
row_05711,700.5063728548239
row_05716,3257.296043997782
row_05718,1975.8733467595052
row_05725,618.7072413760468
row_05728,3240.5059595880557
row_05729,4288.999636407123
row_05732,3429.5652929260605
row_05738,2485.0944407973107
row_05741,3302.053154956614
row_05742,3090.1225795353857
row_05753,465.28335867473027
row_05756,2289.58919848341
row_05758,2014.210224477917
row_05763,810.663778414213
row_05774,133.7580577554849
row_05778,3113.27919206647
row_05781,2550.580042617547
row_05786,444.46788974344867
row_05793,751.0850140476269
row_05796,5692.825931543832
row_05800,357.79238031162976
row_05805,444.46788974344867
row_05806,1263.7165789134915
row_05809,5836.144970446721
row_05816,822.9247554569337
row_05831,3459.0748899797713
row_05833,2238.5429585722954
row_05836,3856.678353906337
row_05840,929.1571554080228
row_05847,475.8471966176642
row_05849,451.1616856832701
row_05851,1770.3136413270765
row_05864,2386.0236109971197
row_05870,1354.8106142670451
row_05876,747.2124468354558
row_05877,2783.0788352023915
row_05878,885.2751047300396
row_05882,4093.8046578793887
row_05883,2719.7746392986573
row_05893,708.401746547009
row_05910,514.9968517618861
row_05913,3187.228508773499
row_05915,3775.1234648127042
row_05916,517.6930991599656
row_05925,3445.7429137976524
row_05929,2971.949325611202
row_05932,3612.569951742552
row_05935,3640.7304151019057
row_05938,956.6664706990767
row_05942,676.9084585432388
row_05950,621.4941888141136
row_05951,392.6015474818577
row_05965,2952.7933028686007
row_05970,2451.09355998122
row_05971,2136.835269954047
row_05977,711.4850853694647
row_05979,3714.901984314667
row_05980,3896.4403996007013
row_05981,2987.9370844220543
row_05982,2213.5645311869216
row_05986,2634.530332325045
row_05994,1164.6282867548466
row_05996,3434.726537504931
row_06000,1358.421968088615
row_06001,3252.8895008702966
row_06002,3060.080562494183
row_06012,3090.476531619628
row_06023,1318.4056447439307
row_06027,1707.7646614688986
row_06032,2216.9347805665902
row_06045,1293.730693288499
row_06047,2013.7299422525148
row_06048,1158.746128698269
row_06053,2933.276868875083
row_06061,2362.2747412072117
row_06063,1603.8814793902152
row_06072,2570.0124475025564
row_06076,832.3774122599777
row_06082,2933.153071773774
row_06097,4157.002718915855
row_06098,2094.4763317504894
row_06106,693.2276940347751
row_06109,3984.9187571567772
row_06115,2407.5011166840864
row_06116,429.6165114791209
row_06122,4202.263091925255
row_06124,1921.1648878694107
row_06127,271.6108323920441
row_06137,2476.5974652680757
row_06142,1757.8385027616919
row_06144,3768.3895885701772
row_06145,1157.9735256813626
row_06146,1425.2470164295396
row_06150,1532.7342555466785
row_06153,1781.4185676851819
row_06156,3863.3040633338487
row_06164,3303.003663899783
row_06191,708.9406619026948
row_06193,2354.2499450369996
row_06194,703.0400561209801
row_06199,2733.542910090562
row_06201,343.5466864787228
row_06202,617.0738819459258
row_06212,1179.3686449200861
row_06213,3389.6883288419476
row_06218,1527.1722359250125
row_06228,3264.4248605054186
row_06231,3191.671095258548
row_06237,1947.282742931398
row_06239,2809.987272261408
row_06240,2777.509825473304
row_06242,2995.5861757924436
row_06243,1946.3251471675221
row_06248,1712.0022490950673
row_06258,1605.0800627061549
row_06260,517.6930991599656
row_06263,1487.1599368468069
row_06268,2913.0042879260345
row_06269,1719.270920922971
row_06279,2767.4347940314137
row_06283,721.2974474556698
row_06285,1487.1599368468069
row_06292,1983.4707923063015
row_06295,1816.2617070384372
row_06323,2652.903725664828
row_06324,796.316027032493
row_06326,3289.826740646942
row_06330,751.127559966345
row_06338,1874.3123692961851
row_06343,771.2431437339627
row_06351,700.5063728548239
row_06352,1372.8944351662585
row_06355,3825.345637884692
row_06366,1479.9499330052897
row_06369,955.8653640927856
row_06371,2570.74151771978
row_06399,3012.3715742554687
row_06412,2811.177493140606
row_06416,1789.0914428205037
row_06421,3161.6769385231046
row_06424,4160.261483347903
row_06431,2395.924211522991
row_06435,2946.3386748022244
row_06438,3781.2289593420537
row_06444,64.05781175788121
row_06447,5154.439424001296
row_06455,954.4170078462162
row_06462,2395.820576831373
row_06463,292.86522275570337
row_06464,3658.637468269263
row_06471,4030.051072045556
row_06475,1778.9632694925704
row_06479,1067.2879021078033
row_06485,2823.7927198258412
row_06495,1789.2337179186165
row_06499,453.99769234626183
row_06504,2492.565017790003
row_06505,3784.0341681353607
row_06510,2275.6768456119735
row_06511,3156.679059835861
row_06514,2182.9353882093037
row_06516,810.663778414213
row_06518,2103.2010175008386
row_06520,296.4527961921524
row_06525,3180.033596119457
row_06528,2037.9647290590215
row_06531,1848.8749025206926
row_06534,3242.716686605333
row_06539,1452.1187821957155
row_06541,456.1559394033864
row_06543,2258.898748682389
row_06546,3642.780135425731
row_06552,4079.0507908140044
row_06553,3348.8351714002447
row_06554,3096.8547507852854
row_06559,2773.1489928778697
row_06563,3724.2883393134225
row_06578,2515.610140135159
row_06591,1828.6485020473374
row_06594,751.127559966345
row_06596,3515.029727660634
row_06599,1837.8502491752674
row_06600,3900.846942728186
row_06602,2948.7718493844723
row_06603,433.46418981358704
row_06611,2131.434132570744
row_06616,3486.80091248185
row_06617,931.116827533009
row_06619,5753.527754867142
row_06630,1198.0340542833146
row_06633,2455.6602319486883
row_06636,3820.247065391418
row_06645,1817.1000620677528
row_06646,482.26947503945615
row_06647,3100.8546261988795
row_06648,3789.6175735182514
row_06651,2699.3211736195262
row_06660,2789.9343913408948
row_06663,893.7291449195588
row_06668,2280.618298770194
row_06669,672.6171704841763
row_06671,2407.2681223036825
row_06673,5604.918614461907
row_06675,4001.08810520151
row_06677,3776.0619128223625
row_06682,4451.016473182943
row_06683,1004.3195914817973
row_06684,1004.3770193215721
row_06686,666.6771838613562
row_06689,2236.8535694716475
row_06693,2669.3745114806106
row_06696,455.0369693329037
row_06697,1528.1936995247402
row_06701,2259.377754422946
row_06710,3523.3878536762395
row_06717,3438.248454161475
row_06719,4223.495829406272
row_06720,2389.4047029103704
row_06722,1746.7267342780492
row_06723,2421.4815205358077
row_06735,2275.809916568355
row_06746,1388.8420469064251
row_06748,2739.602159717164
row_06750,3412.1788720858012
row_06772,4064.92524316195
row_06776,4374.457102633738
row_06782,3096.8547507852854
row_06785,1219.0772314924193
row_06786,5193.487424008552
row_06805,3704.663350607265
row_06809,3002.6966005966524
row_06813,3060.080562494183
row_06817,2509.4348556328737
row_06818,712.6868714742795
row_06821,1651.2029599887142
row_06825,1590.2060573132862
row_06828,6069.597456360456
row_06834,4053.2945056308236
row_06838,632.8602881307165
row_06841,509.21025419176874
row_06842,1331.3355165301316
row_06852,466.46185869156085
row_06855,693.2276940347751
row_06856,487.7861163629667
row_06866,2789.9343913408948
row_06872,2636.788470510787
row_06873,1088.3097265357749
row_06885,2351.701512908462
row_06901,3253.7678612151035
row_06902,1528.6151060795714
row_06903,826.0237713481793
row_06906,381.84592681498907
row_06907,1173.0954014677748
row_06912,1175.862631743239
row_06914,5181.97249082319
row_06915,1959.112733510755
row_06918,2146.638522286681
row_06920,1572.675946368136
row_06924,2963.0008470108787
row_06929,1211.0268341932194
row_06943,790.5518228789756
row_06945,1318.4056447439307
row_06946,1621.1390788971612
row_06948,3211.5340235197637
row_06954,2721.2560482339404
row_06955,693.2276940347751
row_06960,1099.4657407654954
row_06963,465.6529622514795
row_06966,1381.3604089570665
row_06969,2808.854813702249
row_06982,2081.1189393718482
row_06997,2967.4468636751594
row_07002,2192.3365462388474
row_07003,3170.9024288866794
row_07005,2703.403108489144
row_07012,2704.038610436103
row_07017,647.2823187761542
row_07019,2788.8072632369544
row_07023,2932.8787636721945
row_07025,1380.22952364486
row_07029,4097.0858799595735
row_07030,1935.1372662465992
row_07038,1778.9128435949035
row_07042,1816.2617070384372
row_07043,1781.4185676851819
row_07045,1220.9791452910786
row_07048,3093.6230508701424
row_07050,485.78198839431633
row_07052,3244.8697248308345
row_07067,690.8714697545968
row_07069,1394.3271930035162
row_07072,2444.3269161825656
row_07073,2570.74151771978
row_07075,1907.8551419145529
row_07076,3133.2921844598195
row_07085,1781.4185676851819
row_07091,391.9912978904439
row_07095,41.88337861712736
row_07096,1427.4128268941358
row_07097,1102.2555588267942
row_07100,3247.4837818231044
row_07118,2532.8512425074396
row_07120,3538.5362316443784
row_07136,2405.028994582424
row_07138,2632.0553628762973
row_07140,3240.4649350027066
row_07142,1362.487468529307
row_07152,497.44323869196177
row_07155,2034.8249664082773
row_07170,932.307753037269
row_07173,798.305186004965
row_07181,1500.7792009646691
row_07196,3954.8905584023005
row_07205,1456.32183246694
row_07206,2668.1531419825847
row_07208,3928.4277859318217
row_07219,3476.998009215624
row_07225,363.6952004201589
row_07228,893.7291449195588
row_07229,814.481276178575
row_07235,4242.527736049898
row_07239,2634.530332325045
row_07243,1572.9296154056376
row_07248,1904.9332394562216
row_07250,3914.149483036842
row_07251,1352.6632266150887
row_07258,1372.7478856955013
row_07261,430.1931399095009
row_07277,3190.3592031668986
row_07288,2495.5809338123845
row_07292,3252.8895008702966
row_07301,975.1441681653941
row_07303,2522.3254938130967
row_07304,3783.723552081233
row_07315,509.21025419176874
row_07317,5589.726355667479
row_07320,1651.2029599887142
row_07324,3785.1056253457978
row_07334,1854.2339491074304
row_07354,2680.2571732287415
row_07356,462.48100806689337
row_07357,45.51493595975708
row_07358,1863.1498630418666
row_07360,2007.6603068224895
row_07362,2126.180513304723
row_07370,981.3955853340915
row_07375,4026.262282889382
row_07380,5110.138930813278
row_07394,2822.411838128999
row_07396,3328.163651054306
row_07397,2555.56616986896
row_07402,1743.1918838255147
row_07406,1465.3384132570493
row_07423,3443.3137522437546
row_07424,5406.455254521219
row_07431,1819.2932195312712
row_07435,3663.100075410057
row_07439,2604.401362950667
row_07448,833.1922129926495
row_07454,1519.4282211362147
row_07460,2718.7535785045357
row_07463,1667.2640196276184
row_07464,1091.116504135676
row_07480,3412.069672276115
row_07491,3176.716809581705
row_07495,1428.0778756222587
row_07496,174.3836229431123
row_07504,1750.746099412746
row_07514,2986.9416686219042
row_07515,703.5768982550633
row_07516,2578.0697215798855
row_07518,1266.6770710773521
row_07524,2959.1492013640245
row_07525,1300.2922225391676
row_07528,3061.2053414004226
row_07529,202.99922788373112
row_07532,2987.8476985099633
row_07534,1527.3767699789914
row_07537,1354.8106142670451
row_07541,1391.3954991657129
row_07546,431.19972091232285
row_07551,4254.182420009026
row_07557,1708.201326902025
row_07571,3204.686187725397
row_07577,2127.458275082599
row_07580,3177.4693395961667
row_07587,1041.6189669015516
row_07591,1952.9702035877965
row_07592,723.8436777787128
row_07609,2413.0280604554555
row_07633,3648.9322930405942
row_07634,2460.043468762345
row_07649,2470.3794727288787
row_07677,3794.0241166457367
row_07683,2024.9904425864265
row_07687,1496.771123973288
row_07697,3055.637976009134
row_07698,1500.7792009646691
row_07700,1293.3428370114893
row_07709,2870.699968199945
row_07713,789.8953403686642
row_07715,528.6965820157712
row_07726,718.7637641895136
row_07734,3442.6549972889597
row_07746,2547.3095074789626
row_07748,2974.7617276772526
row_07753,3116.9742617806905
row_07755,2509.4348556328737
row_07759,2140.0582245581163
row_07763,3971.4324372169694
row_07771,517.6930991599656
row_07784,1465.1713783415819
row_07790,2610.094161782539
row_07796,2658.321379717855
row_07800,1462.2843413006372
row_07804,3457.7503505242667
row_07806,1024.714203842222
row_07808,4169.807731447185
row_07812,1357.476917619804
row_07819,4162.529202371654
row_07821,4063.929630419828
row_07822,967.9191751408064
row_07823,3928.3262158103557
row_07825,2222.6631895831697
row_07839,3112.1199984787377
row_07843,2017.8826713003496
row_07847,310.65187176946904
row_07861,3085.037962509128
row_07864,829.3873370373387
row_07869,1573.8387799850568
row_07870,2021.514228642979
row_07871,2675.956305322318
row_07879,2212.866223748916
row_07886,4199.351739111444
row_07888,2683.9063015089273
row_07891,349.41523312794436
row_07893,886.5089133881443
row_07896,1425.2470164295396
row_07899,2398.2066561778015
row_07902,3012.3715742554687
row_07911,614.5617548031444
row_07912,2079.2680446579134
row_07915,1911.446256335863
row_07923,2926.1771996999914
row_07935,2967.9605834876565
row_07939,2920.579976386924
row_07943,3127.48937100623
row_07950,5662.06991366464
row_07952,1987.4709236323515
row_07959,1357.740586175084
row_07960,3366.2047847113654
row_07966,409.0522024378373
row_07967,2826.93587396116
row_07969,2545.8633027696046
row_07971,883.1868721033314
row_07977,1426.070689204053
row_07981,3156.420491666756
row_07988,1937.3120035847278
row_07991,3935.627978747722
row_07993,1730.517245932236
row_07994,4228.618798276462
row_07996,853.5693316611397
row_08010,3337.8486293772994
row_08016,1500.402681315918
row_08022,3732.0266884106923
row_08023,3137.474553769305
row_08027,513.4554336051597
row_08029,1784.7594362166049
row_08031,2681.1187323526046
row_08032,432.3018420834347
row_08042,3630.7143883458643
row_08048,4852.57866329636
row_08050,3208.9805712604757
row_08055,713.3225953470273
row_08060,3012.3715742554687
row_08062,2952.796343004037
row_08067,2948.760602098337
row_08072,718.7637641895136
row_08073,2273.183422179928
row_08075,3123.970355776868
row_08079,489.6893934679505
row_08081,699.2613786282502
row_08083,718.7637641895136
row_08086,3387.005319129551
row_08089,324.68185894994446
row_08097,1591.1446399054573
row_08101,3337.340836350473
row_08111,2538.413077196008
row_08118,2425.190469684657
row_08121,2695.745175163158
row_08140,1151.7372976402605
row_08142,3096.8547507852854
row_08155,1059.7450344649524
row_08156,3912.891988072231
row_08158,3592.5039475932426
row_08180,4045.9621422667624
row_08185,3989.6845929680867
row_08191,1962.7870560512156
row_08201,322.11392726825716
row_08204,2945.9263060983276
row_08213,751.127559966345
row_08220,3208.4564937215728
row_08225,3101.2612939127707
row_08231,4888.409789552703
row_08242,3976.505493103213
row_08245,768.8083139608066
row_08248,363.84395710004264
row_08258,3666.887104717387
row_08260,2931.8122538263533
row_08264,2718.7535785045357
row_08268,3614.3225329163274
row_08282,4344.340901723837
row_08298,3353.24171452773
row_08300,5272.901916322521
row_08301,1156.8172112294596
row_08306,897.4514508421045
row_08308,3258.01726652408
row_08313,1714.444849534441
row_08320,3217.000347299938
row_08322,330.550405599166
row_08329,1666.4487365523396
row_08330,1858.3272876415317
row_08332,893.7291449195588
row_08336,700.5063728548239
row_08337,2315.5121928472863
row_08340,820.4963354083018
row_08345,2090.173584951002
row_08355,502.6130973893922
row_08357,2826.93587396116
row_08360,2261.0882951870935
row_08367,1818.9718464814282
row_08373,1787.9656095681523
row_08375,1702.9315336552927
row_08382,6078.680910672656
row_08385,2381.8227886358436
row_08386,1440.4948376789996
row_08392,2640.1164843306315
row_08408,3442.6549972889597
row_08413,1949.083353969991
row_08418,5460.243417612028
row_08423,4452.303303532339
row_08450,5741.781727854592
row_08456,1871.1416342464806
row_08458,1217.2036980772905
row_08462,2702.1729871599628
row_08464,1192.3617342771822
row_08465,489.5646886186954
row_08470,3266.4054809855497
row_08472,2982.535125494419
row_08477,1221.230389554853
row_08479,1295.8962892707773
row_08481,2789.9343913408948
row_08483,2805.6473592088146
row_08489,332.3470806290693
row_08491,2815.701528972767
row_08504,4262.435519884715
row_08515,1819.3398709969947
